[{
  "_id": {
    "$oid": "64bad1b81faccb6249a17efd"
  },
  "State": "Alabama",
  "Registration Count": " 4,750 ",
  "": ""
},
{
  "_id": {
    "$oid": "64bad1b81faccb6249a17efe"
  },
  "State": "Arizona",
  "Registration Count": " 40,740 ",
  "": ""
},
{
  "_id": {
    "$oid": "64bad1b81faccb6249a17eff"
  },
  "State": "Arkansas",
  "Registration Count": " 2,390 ",
  "": ""
},
{
  "_id": {
    "$oid": "64bad1b81faccb6249a17f00"
  },
  "State": "California",
  "Registration Count": " 563,070 ",
  "": ""
},
{
  "_id": {
    "$oid": "64bad1b81faccb6249a17f01"
  },
  "State": "Colorado",
  "Registration Count": " 37,000 ",
  "": ""
},
{
  "_id": {
    "$oid": "64bad1b81faccb6249a17f02"
  },
  "State": "Connecticut",
  "Registration Count": " 13,350 ",
  "": ""
},
{
  "_id": {
    "$oid": "64bad1b81faccb6249a17f03"
  },
  "State": "Delaware",
  "Registration Count": " 3,010 ",
  "": ""
},
{
  "_id": {
    "$oid": "64bad1b81faccb6249a17f04"
  },
  "State": "District of Columbia",
  "Registration Count": " 3,700 ",
  "": ""
},
{
  "_id": {
    "$oid": "64bad1b81faccb6249a17f05"
  },
  "State": "Florida",
  "Registration Count": " 95,640 ",
  "": ""
},
{
  "_id": {
    "$oid": "64bad1b81faccb6249a17f06"
  },
  "State": "Alaska",
  "Registration Count": " 1,290 ",
  "": ""
},
{
  "_id": {
    "$oid": "64bad1b81faccb6249a17f07"
  },
  "State": "Hawaii",
  "Registration Count": " 14,220 ",
  "": ""
},
{
  "_id": {
    "$oid": "64bad1b81faccb6249a17f08"
  },
  "State": "Idaho",
  "Registration Count": " 3,500 ",
  "": ""
},
{
  "_id": {
    "$oid": "64bad1b81faccb6249a17f09"
  },
  "State": "Illinois",
  "Registration Count": " 36,520 ",
  "": ""
},
{
  "_id": {
    "$oid": "64bad1b81faccb6249a17f0a"
  },
  "State": "Indiana",
  "Registration Count": " 10,360 ",
  "": ""
},
{
  "_id": {
    "$oid": "64bad1b81faccb6249a17f0b"
  },
  "State": "Iowa",
  "Registration Count": " 3,660 ",
  "": ""
},
{
  "_id": {
    "$oid": "64bad1b81faccb6249a17f0c"
  },
  "State": "Kansas",
  "Registration Count": " 4,500 ",
  "": ""
},
{
  "_id": {
    "$oid": "64bad1b81faccb6249a17f0d"
  },
  "State": "Kentucky",
  "Registration Count": " 4,220 ",
  "": ""
},
{
  "_id": {
    "$oid": "64bad1b81faccb6249a17f0e"
  },
  "State": "Louisiana",
  "Registration Count": " 3,180 ",
  "": ""
},
{
  "_id": {
    "$oid": "64bad1b81faccb6249a17f0f"
  },
  "State": "Maine",
  "Registration Count": " 3,040 ",
  "": ""
},
{
  "_id": {
    "$oid": "64bad1b81faccb6249a17f10"
  },
  "State": "Maryland",
  "Registration Count": " 25,630 ",
  "": ""
},
{
  "_id": {
    "$oid": "64bad1b81faccb6249a17f11"
  },
  "State": "Massachusetts",
  "Registration Count": " 30,470 ",
  "": ""
},
{
  "_id": {
    "$oid": "64bad1b81faccb6249a17f12"
  },
  "State": "Michigan",
  "Registration Count": " 17,460 ",
  "": ""
},
{
  "_id": {
    "$oid": "64bad1b81faccb6249a17f13"
  },
  "State": "Minnesota",
  "Registration Count": " 15,000 ",
  "": ""
},
{
  "_id": {
    "$oid": "64bad1b81faccb6249a17f14"
  },
  "State": "Mississippi",
  "Registration Count": " 1,310 ",
  "": ""
},
{
  "_id": {
    "$oid": "64bad1b81faccb6249a17f15"
  },
  "State": "Missouri",
  "Registration Count": " 10,050 ",
  "": ""
},
{
  "_id": {
    "$oid": "64bad1b81faccb6249a17f16"
  },
  "State": "Montana",
  "Registration Count": " 1,650 ",
  "": ""
},
{
  "_id": {
    "$oid": "64bad1b81faccb6249a17f17"
  },
  "State": "Nebraska",
  "Registration Count": " 2,710 ",
  "": ""
},
{
  "_id": {
    "$oid": "64bad1b81faccb6249a17f18"
  },
  "State": "Nevada",
  "Registration Count": " 17,380 ",
  "": ""
},
{
  "_id": {
    "$oid": "64bad1b81faccb6249a17f19"
  },
  "State": "New Hampshire",
  "Registration Count": " 4,000 ",
  "": ""
},
{
  "_id": {
    "$oid": "64bad1b81faccb6249a17f1a"
  },
  "State": "New Jersey",
  "Registration Count": " 47,830 ",
  "": ""
},
{
  "_id": {
    "$oid": "64bad1b81faccb6249a17f1b"
  },
  "State": "Georgia",
  "Registration Count": " 34,020 ",
  "": ""
},
{
  "_id": {
    "$oid": "64bad1b81faccb6249a17f1c"
  },
  "State": "New Mexico",
  "Registration Count": " 4,150 ",
  "": ""
},
{
  "_id": {
    "$oid": "64bad1b81faccb6249a17f1d"
  },
  "State": "North Carolina",
  "Registration Count": " 25,190 ",
  "": ""
},
{
  "_id": {
    "$oid": "64bad1b81faccb6249a17f1e"
  },
  "State": "Oregon",
  "Registration Count": " 30,290 ",
  "": ""
},
{
  "_id": {
    "$oid": "64bad1b81faccb6249a17f1f"
  },
  "State": "North Dakota",
  "Registration Count": 380,
  "": ""
},
{
  "_id": {
    "$oid": "64bad1b81faccb6249a17f20"
  },
  "State": "Tennessee",
  "Registration Count": " 12,160 ",
  "": ""
},
{
  "_id": {
    "$oid": "64bad1b81faccb6249a17f21"
  },
  "State": "Texas",
  "Registration Count": " 80,900 ",
  "": ""
},
{
  "_id": {
    "$oid": "64bad1b81faccb6249a17f22"
  },
  "State": "South Dakota",
  "Registration Count": 680,
  "": ""
},
{
  "_id": {
    "$oid": "64bad1b81faccb6249a17f23"
  },
  "State": "New York",
  "Registration Count": " 51,870 ",
  "": ""
},
{
  "_id": {
    "$oid": "64bad1b81faccb6249a17f24"
  },
  "State": "Utah",
  "Registration Count": " 16,480 ",
  "": ""
},
{
  "_id": {
    "$oid": "64bad1b81faccb6249a17f25"
  },
  "State": "South Carolina",
  "Registration Count": " 7,440 ",
  "": ""
},
{
  "_id": {
    "$oid": "64bad1b81faccb6249a17f26"
  },
  "State": "Ohio",
  "Registration Count": " 21,200 ",
  "": ""
},
{
  "_id": {
    "$oid": "64bad1b81faccb6249a17f27"
  },
  "State": "Rhode Island",
  "Registration Count": " 2,550 ",
  "": ""
},
{
  "_id": {
    "$oid": "64bad1b81faccb6249a17f28"
  },
  "State": "Vermont",
  "Registration Count": " 3,370 ",
  "": ""
},
{
  "_id": {
    "$oid": "64bad1b81faccb6249a17f29"
  },
  "State": "Oklahoma",
  "Registration Count": " 7,080 ",
  "": ""
},
{
  "_id": {
    "$oid": "64bad1b81faccb6249a17f2a"
  },
  "State": "West Virginia",
  "Registration Count": " 1,010 ",
  "": ""
},
{
  "_id": {
    "$oid": "64bad1b81faccb6249a17f2b"
  },
  "State": "Washington",
  "Registration Count": " 66,810 ",
  "": ""
},
{
  "_id": {
    "$oid": "64bad1b81faccb6249a17f2c"
  },
  "State": "Wisconsin",
  "Registration Count": " 9,330 ",
  "": ""
},
{
  "_id": {
    "$oid": "64bad1b81faccb6249a17f2d"
  },
  "State": "Virginia",
  "Registration Count": " 30,660 ",
  "": ""
},
{
  "_id": {
    "$oid": "64bad1b81faccb6249a17f2e"
  },
  "State": "Wyoming",
  "Registration Count": 510,
  "": ""
},
{
  "_id": {
    "$oid": "64bad1b81faccb6249a17f2f"
  },
  "State": "Pennsylvania",
  "Registration Count": " 26,770 ",
  "": ""
}]