_id,State,Registration Count,
64bad1b81faccb6249a17efd,Alabama," 4,750 ",
64bad1b81faccb6249a17efe,Arizona," 40,740 ",
64bad1b81faccb6249a17eff,Arkansas," 2,390 ",
64bad1b81faccb6249a17f00,California," 563,070 ",
64bad1b81faccb6249a17f01,Colorado," 37,000 ",
64bad1b81faccb6249a17f02,Connecticut," 13,350 ",
64bad1b81faccb6249a17f03,Delaware," 3,010 ",
64bad1b81faccb6249a17f04,District of Columbia," 3,700 ",
64bad1b81faccb6249a17f05,Florida," 95,640 ",
64bad1b81faccb6249a17f06,Alaska," 1,290 ",
64bad1b81faccb6249a17f07,Hawaii," 14,220 ",
64bad1b81faccb6249a17f08,Idaho," 3,500 ",
64bad1b81faccb6249a17f09,Illinois," 36,520 ",
64bad1b81faccb6249a17f0a,Indiana," 10,360 ",
64bad1b81faccb6249a17f0b,Iowa," 3,660 ",
64bad1b81faccb6249a17f0c,Kansas," 4,500 ",
64bad1b81faccb6249a17f0d,Kentucky," 4,220 ",
64bad1b81faccb6249a17f0e,Louisiana," 3,180 ",
64bad1b81faccb6249a17f0f,Maine," 3,040 ",
64bad1b81faccb6249a17f10,Maryland," 25,630 ",
64bad1b81faccb6249a17f11,Massachusetts," 30,470 ",
64bad1b81faccb6249a17f12,Michigan," 17,460 ",
64bad1b81faccb6249a17f13,Minnesota," 15,000 ",
64bad1b81faccb6249a17f14,Mississippi," 1,310 ",
64bad1b81faccb6249a17f15,Missouri," 10,050 ",
64bad1b81faccb6249a17f16,Montana," 1,650 ",
64bad1b81faccb6249a17f17,Nebraska," 2,710 ",
64bad1b81faccb6249a17f18,Nevada," 17,380 ",
64bad1b81faccb6249a17f19,New Hampshire," 4,000 ",
64bad1b81faccb6249a17f1a,New Jersey," 47,830 ",
64bad1b81faccb6249a17f1b,Georgia," 34,020 ",
64bad1b81faccb6249a17f1c,New Mexico," 4,150 ",
64bad1b81faccb6249a17f1d,North Carolina," 25,190 ",
64bad1b81faccb6249a17f1e,Oregon," 30,290 ",
64bad1b81faccb6249a17f1f,North Dakota,380,
64bad1b81faccb6249a17f20,Tennessee," 12,160 ",
64bad1b81faccb6249a17f21,Texas," 80,900 ",
64bad1b81faccb6249a17f22,South Dakota,680,
64bad1b81faccb6249a17f23,New York," 51,870 ",
64bad1b81faccb6249a17f24,Utah," 16,480 ",
64bad1b81faccb6249a17f25,South Carolina," 7,440 ",
64bad1b81faccb6249a17f26,Ohio," 21,200 ",
64bad1b81faccb6249a17f27,Rhode Island," 2,550 ",
64bad1b81faccb6249a17f28,Vermont," 3,370 ",
64bad1b81faccb6249a17f29,Oklahoma," 7,080 ",
64bad1b81faccb6249a17f2a,West Virginia," 1,010 ",
64bad1b81faccb6249a17f2b,Washington," 66,810 ",
64bad1b81faccb6249a17f2c,Wisconsin," 9,330 ",
64bad1b81faccb6249a17f2d,Virginia," 30,660 ",
64bad1b81faccb6249a17f2e,Wyoming,510,
64bad1b81faccb6249a17f2f,Pennsylvania," 26,770 ",
