[{"_id":{"$oid":"64c1cf7907317c4b32bdf917"},"bill_number":"Public Law 117-169","bill_name":"Inflation Reduction Act of 2022","jurisdiction":"federal","date_enacted":"16-Aug-22","effective_date":"17-Aug-22","incentive_type":"ev_tax_credit","max_credit_amount_new":"7,500","max_credit_amount_used":"4,000","max_vehicle_cost_new":"80,000","max_vehicle-cost_used":"25,000","made_in_US_only":"yes","eligibility_requirements":"yes","eligible_models":"","vehicle_acquisition_date":"17-Aug-22","provisions":"Lifts 200,000 vehicle per manufactuer limit and adds used vehicles as of 1/1/2023. Additional requirements for vehicles placed in service after Aug 1, 2022, Jan 1, 2023, and April 17, 2023 on household income and battery life and materials"},{"_id":{"$oid":"64c1cf7907317c4b32bdf918"},"bill_number":"Public Law 116-260","bill_name":"Consolidated Appropriations Act of 2021","jurisdiction":"federal","date_enacted":"17-Dec-20","effective_date":"","incentive_type":"","max_credit_amount_new":"7,500","max_credit_amount_used":"NA","max_vehicle_cost_new":"","max_vehicle-cost_used":"","made_in_US_only":"","eligibility_requirements":"","eligible_models":"","vehicle_acquisition_date":"","provisions":""},{"_id":{"$oid":"64c1cf7907317c4b32bdf919"},"bill_number":"Public Law 117-58","bill_name":"Infrastructure Investment and Jobs Act of 2021","jurisdiction":"federal","date_enacted":"15-Nov-21","effective_date":"","incentive_type":"ev_tax_credit","max_credit_amount_new":"7,500","max_credit_amount_used":"NA","max_vehicle_cost_new":"","max_vehicle-cost_used":"","made_in_US_only":"no","eligibility_requirements":"yes","eligible_models":"Purchased after 12/31/2009.  Manufacturer has sold fewer than 200,000 vehicles in the U.S.","vehicle_acquisition_date":"","provisions":"Designates a national ev charging station and alternate fuels refueling program along national highway corridors"},{"_id":{"$oid":"64c1cf7907317c4b32bdf91a"},"bill_number":"Public Law 114-113","bill_name":"Consolidated Appropriations Act of 2016","jurisdiction":"federal","date_enacted":"18-Dec-15","effective_date":"","incentive_type":"","max_credit_amount_new":"7,500","max_credit_amount_used":"NA","max_vehicle_cost_new":"","max_vehicle-cost_used":"","made_in_US_only":"","eligibility_requirements":"","eligible_models":"","vehicle_acquisition_date":"","provisions":""},{"_id":{"$oid":"64c1cf7907317c4b32bdf91b"},"bill_number":"Public Law 112-240","bill_name":"American Taxpayer Relief Act of 2012","jurisdiction":"federal","date_enacted":"2-Jan-13","effective_date":"","incentive_type":"","max_credit_amount_new":"7,500","max_credit_amount_used":"NA","max_vehicle_cost_new":"","max_vehicle-cost_used":"","made_in_US_only":"","eligibility_requirements":"","eligible_models":"","vehicle_acquisition_date":"","provisions":""},{"_id":{"$oid":"64c1cf7907317c4b32bdf91c"},"bill_number":"Public Law 113-295","bill_name":"Tax Increase Prevention Act of 2014","jurisdiction":"federal","date_enacted":"19-Dec-14","effective_date":"","incentive_type":"","max_credit_amount_new":"7,500","max_credit_amount_used":"NA","max_vehicle_cost_new":"","max_vehicle-cost_used":"","made_in_US_only":"","eligibility_requirements":"","eligible_models":"","vehicle_acquisition_date":"","provisions":""},{"_id":{"$oid":"64c1cf7907317c4b32bdf91d"},"bill_number":"Public Law 116-94","bill_name":"Further Consolidated Appropriates Act of 2020","jurisdiction":"federal","date_enacted":"20-Dec-19","effective_date":"","incentive_type":"","max_credit_amount_new":"7,500","max_credit_amount_used":"NA","max_vehicle_cost_new":"","max_vehicle-cost_used":"","made_in_US_only":"","eligibility_requirements":"","eligible_models":"","vehicle_acquisition_date":"","provisions":"Tesla and GM reached 200,000 threshold limit at end of 2019"},{"_id":{"$oid":"64c1cf7907317c4b32bdf91e"},"bill_number":"Public Law 110-343","bill_name":"Energy Improvement and Extension Act of 2008","jurisdiction":"federal","date_enacted":"3-Oct-08","effective_date":"","incentive_type":"","max_credit_amount_new":"3,400","max_credit_amount_used":"NA","max_vehicle_cost_new":"","max_vehicle-cost_used":"","made_in_US_only":"","eligibility_requirements":"","eligible_models":"","vehicle_acquisition_date":"","provisions":""},{"_id":{"$oid":"64c1cf7907317c4b32bdf91f"},"bill_number":"Public Law 100-494","bill_name":"Altermative Motor Fuels At","jurisdiction":"federal","date_enacted":"14-Oct-88","effective_date":"","incentive_type":"","max_credit_amount_new":"","max_credit_amount_used":"","max_vehicle_cost_new":"","max_vehicle-cost_used":"","made_in_US_only":"","eligibility_requirements":"","eligible_models":"","vehicle_acquisition_date":"","provisions":""},{"_id":{"$oid":"64c1cf7907317c4b32bdf920"},"bill_number":"Public Law 111-132","bill_name":"Tax Relief, Unemployment Insurance Reauthorization, and Job Creaton Act of 2010","jurisdiction":"federal","date_enacted":"17-Dec-11","effective_date":"1/1/2011","incentive_type":"ev_tax_credit","max_credit_amount_new":"7,500","max_credit_amount_used":"NA","max_vehicle_cost_new":"","max_vehicle-cost_used":"","made_in_US_only":"","eligibility_requirements":"","eligible_models":"","vehicle_acquisition_date":"","provisions":"this change in amount is from an earlier bill but effective as of 2011."},{"_id":{"$oid":"64c1cf7907317c4b32bdf921"},"bill_number":"Public Law 91-604","bill_name":"Clean Air Act of 1970","jurisdiction":"federal","date_enacted":"31-Dec-70","effective_date":"","incentive_type":"","max_credit_amount_new":"","max_credit_amount_used":"","max_vehicle_cost_new":"","max_vehicle-cost_used":"","made_in_US_only":"","eligibility_requirements":"","eligible_models":"","vehicle_acquisition_date":"","provisions":""},{"_id":{"$oid":"64c1cf7907317c4b32bdf922"},"bill_number":"Public Law 111-5","bill_name":"American Recovery and Reinvestment Act of 2009","jurisdiction":"federal","date_enacted":"17-Feb-09","effective_date":"","incentive_type":"","max_credit_amount_new":"3,400","max_credit_amount_used":"NA","max_vehicle_cost_new":"","max_vehicle-cost_used":"","made_in_US_only":"","eligibility_requirements":"","eligible_models":"","vehicle_acquisition_date":"","provisions":""},{"_id":{"$oid":"64c1cf7907317c4b32bdf923"},"bill_number":"Public Law 110-140","bill_name":"Energy Independence and Security Act of 2007","jurisdiction":"federal","date_enacted":"19-Dec-07","effective_date":"","incentive_type":"","max_credit_amount_new":"3,400","max_credit_amount_used":"NA","max_vehicle_cost_new":"","max_vehicle-cost_used":"","made_in_US_only":"","eligibility_requirements":"","eligible_models":"","vehicle_acquisition_date":"","provisions":"First increase in fuel effeciency standards since 1975.  Incentives to build hybrids."},{"_id":{"$oid":"64c1cf7907317c4b32bdf924"},"bill_number":"Public Law 94-163","bill_name":"Energy Policy and Conservation Act of 1975","jurisdiction":"federal","date_enacted":"22-Dec-75","effective_date":"","incentive_type":"","max_credit_amount_new":"","max_credit_amount_used":"","max_vehicle_cost_new":"","max_vehicle-cost_used":"","made_in_US_only":"","eligibility_requirements":"","eligible_models":"","vehicle_acquisition_date":"","provisions":""},{"_id":{"$oid":"64c1cf7907317c4b32bdf925"},"bill_number":"Public Law101-549","bill_name":"Clean Air Amendments Act of 1990","jurisdiction":"federal","date_enacted":"15-Nov-90","effective_date":"","incentive_type":"","max_credit_amount_new":"","max_credit_amount_used":"","max_vehicle_cost_new":"","max_vehicle-cost_used":"","made_in_US_only":"","eligibility_requirements":"","eligible_models":"","vehicle_acquisition_date":"","provisions":""},{"_id":{"$oid":"64c1cf7907317c4b32bdf926"},"bill_number":"Public Law 102-240","bill_name":"Surface Transportation Acts","jurisdiction":"federal","date_enacted":"18-Dec-91","effective_date":"","incentive_type":"","max_credit_amount_new":"","max_credit_amount_used":"","max_vehicle_cost_new":"","max_vehicle-cost_used":"","made_in_US_only":"","eligibility_requirements":"","eligible_models":"","vehicle_acquisition_date":"","provisions":""},{"_id":{"$oid":"64c1cf7907317c4b32bdf927"},"bill_number":"Public Law 102-486","bill_name":"Energy Polciy Act of 1992","jurisdiction":"federal","date_enacted":"24-Oct-92","effective_date":"","incentive_type":"","max_credit_amount_new":"","max_credit_amount_used":"","max_vehicle_cost_new":"","max_vehicle-cost_used":"","made_in_US_only":"","eligibility_requirements":"","eligible_models":"","vehicle_acquisition_date":"","provisions":""},{"_id":{"$oid":"64c1cf7907317c4b32bdf928"},"bill_number":"Public Law 109-58","bill_name":"Energy Policy Act of 2005","jurisdiction":"federal","date_enacted":"8-Aug-05","effective_date":"","incentive_type":"ev_tax_credit","max_credit_amount_new":"3,400","max_credit_amount_used":"NA","max_vehicle_cost_new":"","max_vehicle-cost_used":"","made_in_US_only":"no","eligibility_requirements":"yes","eligible_models":"EV and PHEV purchased after 12/31/2005 and before 12/31/2010","vehicle_acquisition_date":"","provisions":"Phased out after a manufacturer sells 60,000 vehicles in the U.S."}]
